{
  "success": true,
  "score": 0.7459295603489015,
  "message": "3D generation successful. GLB saved to: E:\\Workspaces\\Python\\text-guided-image-to-3d\\outputs\\meshes\\result.glb",
  "glb_path": "E:\\Workspaces\\Python\\text-guided-image-to-3d\\training\\outputs\\trellis_compare\\filtered_fixed_lora\\lora\\sample_0006\\trellis_result.glb",
  "metrics": {
    "trellis_success": 1.0,
    "front_similarity": 0.5737811625003815,
    "mean_coverage_score": 0.6558750697544643,
    "mean_centering_score": 0.9677876742555765,
    "mean_connectivity_score": 0.8885641280479524,
    "mean_border_margin_score": 1.0,
    "view_consistency_score": 0.7513355271164437,
    "coverage_ratios": {
      "front": 0.214080810546875,
      "left": 0.1952972412109375,
      "right": 0.1964874267578125,
      "back": 0.2142486572265625,
      "top": 0.327667236328125
    },
    "coverage_scores": {
      "front": 0.6116594587053572,
      "left": 0.5579921177455358,
      "right": 0.5613926478794643,
      "back": 0.6121390206473214,
      "top": 0.9361921037946429
    },
    "centering_scores": {
      "front": 0.9805892255819151,
      "left": 0.9778162578079029,
      "right": 0.9778162578079029,
      "back": 0.9831326955265145,
      "top": 0.919583934553648
    },
    "connectivity_scores": {
      "front": 1.0,
      "left": 0.7210054026211539,
      "right": 0.7218152376186079,
      "back": 1.0,
      "top": 1.0
    },
    "largest_component_ratios": {
      "front": 1.0,
      "left": 0.9733572935385577,
      "right": 0.9744505707851208,
      "back": 1.0,
      "top": 1.0
    },
    "component_counts": {
      "front": 1,
      "left": 2,
      "right": 2,
      "back": 1,
      "top": 1
    },
    "border_margin_scores": {
      "front": 1.0,
      "left": 1.0,
      "right": 1.0,
      "back": 1.0,
      "top": 1.0
    },
    "weights": {
      "front_similarity": 0.35,
      "coverage": 0.15,
      "centering": 0.15,
      "view_consistency": 0.15,
      "connectivity": 0.1,
      "border_margin": 0.1
    },
    "overall_score": 0.7459295603489015
  },
  "render_paths": {
    "front": "E:\\Workspaces\\Python\\text-guided-image-to-3d\\training\\outputs\\trellis_compare\\filtered_fixed_lora\\lora\\sample_0006\\render_front.png",
    "left": "E:\\Workspaces\\Python\\text-guided-image-to-3d\\training\\outputs\\trellis_compare\\filtered_fixed_lora\\lora\\sample_0006\\render_left.png",
    "right": "E:\\Workspaces\\Python\\text-guided-image-to-3d\\training\\outputs\\trellis_compare\\filtered_fixed_lora\\lora\\sample_0006\\render_right.png",
    "back": "E:\\Workspaces\\Python\\text-guided-image-to-3d\\training\\outputs\\trellis_compare\\filtered_fixed_lora\\lora\\sample_0006\\render_back.png",
    "top": "E:\\Workspaces\\Python\\text-guided-image-to-3d\\training\\outputs\\trellis_compare\\filtered_fixed_lora\\lora\\sample_0006\\render_top.png",
    "grid": "E:\\Workspaces\\Python\\text-guided-image-to-3d\\training\\outputs\\trellis_compare\\filtered_fixed_lora\\lora\\sample_0006\\render_grid.png"
  }
}