{
  "success": true,
  "score": 0.6526890076273408,
  "message": "3D generation successful. GLB saved to: E:\\Workspaces\\Python\\text-guided-image-to-3d\\outputs\\meshes\\result.glb",
  "glb_path": "E:\\Workspaces\\Python\\text-guided-image-to-3d\\training\\outputs\\trellis_compare\\filtered_subset_lora\\baseline\\sample_0006\\trellis_result.glb",
  "metrics": {
    "trellis_success": 1.0,
    "front_similarity": 0.5195266902446747,
    "mean_coverage_score": 0.09701102120535714,
    "mean_centering_score": 0.9866765575534246,
    "mean_connectivity_score": 0.7005835257987418,
    "mean_border_margin_score": 1.0,
    "view_consistency_score": 0.9216211776534224,
    "coverage_ratios": {
      "front": 0.0167083740234375,
      "left": 0.039581298828125,
      "right": 0.0391845703125,
      "back": 0.016510009765625,
      "top": 0.0577850341796875
    },
    "coverage_scores": {
      "front": 0.0477382114955357,
      "left": 0.1130894252232143,
      "right": 0.1119559151785714,
      "back": 0.0471714564732143,
      "top": 0.16510009765625
    },
    "centering_scores": {
      "front": 0.9972270322259879,
      "left": 1.0,
      "right": 0.9972270322259879,
      "back": 0.9972270322259879,
      "top": 0.9417016910891599
    },
    "connectivity_scores": {
      "front": 1.0,
      "left": 0.4069428512326758,
      "right": 0.4072638857229694,
      "back": 1.0,
      "top": 0.6887108920380639
    },
    "largest_component_ratios": {
      "front": 1.0,
      "left": 0.8342328450269854,
      "right": 0.8348909657320872,
      "back": 1.0,
      "top": 0.9297597042513863
    },
    "component_counts": {
      "front": 1,
      "left": 4,
      "right": 4,
      "back": 1,
      "top": 2
    },
    "border_margin_scores": {
      "front": 1.0,
      "left": 1.0,
      "right": 1.0,
      "back": 1.0,
      "top": 1.0
    },
    "weights": {
      "front_similarity": 0.35,
      "coverage": 0.15,
      "centering": 0.15,
      "view_consistency": 0.15,
      "connectivity": 0.1,
      "border_margin": 0.1
    },
    "overall_score": 0.6526890076273408
  },
  "render_paths": {
    "front": "E:\\Workspaces\\Python\\text-guided-image-to-3d\\training\\outputs\\trellis_compare\\filtered_subset_lora\\baseline\\sample_0006\\render_front.png",
    "left": "E:\\Workspaces\\Python\\text-guided-image-to-3d\\training\\outputs\\trellis_compare\\filtered_subset_lora\\baseline\\sample_0006\\render_left.png",
    "right": "E:\\Workspaces\\Python\\text-guided-image-to-3d\\training\\outputs\\trellis_compare\\filtered_subset_lora\\baseline\\sample_0006\\render_right.png",
    "back": "E:\\Workspaces\\Python\\text-guided-image-to-3d\\training\\outputs\\trellis_compare\\filtered_subset_lora\\baseline\\sample_0006\\render_back.png",
    "top": "E:\\Workspaces\\Python\\text-guided-image-to-3d\\training\\outputs\\trellis_compare\\filtered_subset_lora\\baseline\\sample_0006\\render_top.png",
    "grid": "E:\\Workspaces\\Python\\text-guided-image-to-3d\\training\\outputs\\trellis_compare\\filtered_subset_lora\\baseline\\sample_0006\\render_grid.png"
  }
}