{
  "success": true,
  "score": 0.6557935620498793,
  "message": "3D generation successful. GLB saved to: E:\\Workspaces\\Python\\text-guided-image-to-3d\\outputs\\meshes\\result.glb",
  "glb_path": "E:\\Workspaces\\Python\\text-guided-image-to-3d\\training\\outputs\\trellis_compare\\filtered_fixed_lora\\baseline\\sample_0006\\trellis_result.glb",
  "metrics": {
    "trellis_success": 1.0,
    "front_similarity": 0.5195243060588837,
    "mean_coverage_score": 0.10035051618303574,
    "mean_centering_score": 0.9843404586867154,
    "mean_connectivity_score": 0.7326001047883445,
    "mean_border_margin_score": 1.0,
    "view_consistency_score": 0.9199759881331531,
    "coverage_ratios": {
      "front": 0.015350341796875,
      "left": 0.045074462890625,
      "right": 0.0457611083984375,
      "back": 0.0163116455078125,
      "top": 0.0531158447265625
    },
    "coverage_scores": {
      "front": 0.043858119419642905,
      "left": 0.1287841796875,
      "right": 0.1307460239955357,
      "back": 0.046604701450892905,
      "top": 0.1517595563616072
    },
    "centering_scores": {
      "front": 0.9972270322259879,
      "left": 0.9972270322259879,
      "right": 0.9972270322259879,
      "back": 0.9937994555578926,
      "top": 0.936221741197721
    },
    "connectivity_scores": {
      "front": 1.0,
      "left": 0.49046158747859336,
      "right": 0.48584822391777654,
      "back": 1.0,
      "top": 0.686690712545352
    },
    "largest_component_ratios": {
      "front": 1.0,
      "left": 0.8337846987136087,
      "right": 0.8259419806602201,
      "back": 1.0,
      "top": 0.9270324619362252
    },
    "component_counts": {
      "front": 1,
      "left": 3,
      "right": 3,
      "back": 1,
      "top": 2
    },
    "border_margin_scores": {
      "front": 1.0,
      "left": 1.0,
      "right": 1.0,
      "back": 1.0,
      "top": 1.0
    },
    "weights": {
      "front_similarity": 0.35,
      "coverage": 0.15,
      "centering": 0.15,
      "view_consistency": 0.15,
      "connectivity": 0.1,
      "border_margin": 0.1
    },
    "overall_score": 0.6557935620498793
  },
  "render_paths": {
    "front": "E:\\Workspaces\\Python\\text-guided-image-to-3d\\training\\outputs\\trellis_compare\\filtered_fixed_lora\\baseline\\sample_0006\\render_front.png",
    "left": "E:\\Workspaces\\Python\\text-guided-image-to-3d\\training\\outputs\\trellis_compare\\filtered_fixed_lora\\baseline\\sample_0006\\render_left.png",
    "right": "E:\\Workspaces\\Python\\text-guided-image-to-3d\\training\\outputs\\trellis_compare\\filtered_fixed_lora\\baseline\\sample_0006\\render_right.png",
    "back": "E:\\Workspaces\\Python\\text-guided-image-to-3d\\training\\outputs\\trellis_compare\\filtered_fixed_lora\\baseline\\sample_0006\\render_back.png",
    "top": "E:\\Workspaces\\Python\\text-guided-image-to-3d\\training\\outputs\\trellis_compare\\filtered_fixed_lora\\baseline\\sample_0006\\render_top.png",
    "grid": "E:\\Workspaces\\Python\\text-guided-image-to-3d\\training\\outputs\\trellis_compare\\filtered_fixed_lora\\baseline\\sample_0006\\render_grid.png"
  }
}