{
  "success": true,
  "score": 0.655371493001597,
  "message": "3D generation successful. GLB saved to: E:\\Workspaces\\Python\\text-guided-image-to-3d\\outputs\\meshes\\result.glb",
  "glb_path": "E:\\Workspaces\\Python\\text-guided-image-to-3d\\training\\outputs\\trellis_compare\\filtered_subset_lora\\lora\\sample_0005\\trellis_result.glb",
  "metrics": {
    "trellis_success": 1.0,
    "front_similarity": 0.46460598707199097,
    "mean_coverage_score": 0.09395054408482142,
    "mean_centering_score": 0.9850259740203345,
    "mean_connectivity_score": 0.8825557967172749,
    "mean_border_margin_score": 1.0,
    "view_consistency_score": 0.9510489342593292,
    "coverage_ratios": {
      "front": 0.0181121826171875,
      "left": 0.0426025390625,
      "right": 0.0426177978515625,
      "back": 0.0250244140625,
      "top": 0.0360565185546875
    },
    "coverage_scores": {
      "front": 0.0517490931919643,
      "left": 0.1217215401785714,
      "right": 0.12176513671875,
      "back": 0.0714983258928571,
      "top": 0.1030186244419643
    },
    "centering_scores": {
      "front": 0.9694973544858665,
      "left": 0.9972270322259879,
      "right": 0.9972270322259879,
      "back": 0.9944540644519757,
      "top": 0.9667243867118543
    },
    "connectivity_scores": {
      "front": 1.0,
      "left": 0.7065159715589514,
      "right": 0.706263012027423,
      "back": 1.0,
      "top": 1.0
    },
    "largest_component_ratios": {
      "front": 1.0,
      "left": 0.9537965616045845,
      "right": 0.9534550662370211,
      "back": 1.0,
      "top": 1.0
    },
    "component_counts": {
      "front": 1,
      "left": 2,
      "right": 2,
      "back": 1,
      "top": 1
    },
    "border_margin_scores": {
      "front": 1.0,
      "left": 1.0,
      "right": 1.0,
      "back": 1.0,
      "top": 1.0
    },
    "weights": {
      "front_similarity": 0.35,
      "coverage": 0.15,
      "centering": 0.15,
      "view_consistency": 0.15,
      "connectivity": 0.1,
      "border_margin": 0.1
    },
    "overall_score": 0.655371493001597
  },
  "render_paths": {
    "front": "E:\\Workspaces\\Python\\text-guided-image-to-3d\\training\\outputs\\trellis_compare\\filtered_subset_lora\\lora\\sample_0005\\render_front.png",
    "left": "E:\\Workspaces\\Python\\text-guided-image-to-3d\\training\\outputs\\trellis_compare\\filtered_subset_lora\\lora\\sample_0005\\render_left.png",
    "right": "E:\\Workspaces\\Python\\text-guided-image-to-3d\\training\\outputs\\trellis_compare\\filtered_subset_lora\\lora\\sample_0005\\render_right.png",
    "back": "E:\\Workspaces\\Python\\text-guided-image-to-3d\\training\\outputs\\trellis_compare\\filtered_subset_lora\\lora\\sample_0005\\render_back.png",
    "top": "E:\\Workspaces\\Python\\text-guided-image-to-3d\\training\\outputs\\trellis_compare\\filtered_subset_lora\\lora\\sample_0005\\render_top.png",
    "grid": "E:\\Workspaces\\Python\\text-guided-image-to-3d\\training\\outputs\\trellis_compare\\filtered_subset_lora\\lora\\sample_0005\\render_grid.png"
  }
}