{
  "success": true,
  "score": 0.5914486185275489,
  "message": "3D generation successful. GLB saved to: E:\\Workspaces\\Python\\text-guided-image-to-3d\\outputs\\meshes\\result.glb",
  "glb_path": "E:\\Workspaces\\Python\\text-guided-image-to-3d\\training\\outputs\\trellis_compare\\filtered_subset_lora\\lora\\sample_0013\\trellis_result.glb",
  "metrics": {
    "trellis_success": 1.0,
    "front_similarity": 0.3328819274902344,
    "mean_coverage_score": 0.04625592912946428,
    "mean_centering_score": 0.9933229544390185,
    "mean_connectivity_score": 0.7270297049659297,
    "mean_border_margin_score": 1.0,
    "view_consistency_score": 0.9753342724940102,
    "coverage_ratios": {
      "front": 0.0206756591796875,
      "left": 0.013153076171875,
      "right": 0.008056640625,
      "back": 0.0209197998046875,
      "top": 0.0181427001953125
    },
    "coverage_scores": {
      "front": 0.0590733119419643,
      "left": 0.0375802176339286,
      "right": 0.0230189732142857,
      "back": 0.0597708565848214,
      "top": 0.0518362862723214
    },
    "centering_scores": {
      "front": 0.9972270322259879,
      "left": 0.992156862731937,
      "right": 0.98000384501118,
      "back": 1.0,
      "top": 0.9972270322259879
    },
    "connectivity_scores": {
      "front": 0.5351920185868525,
      "left": 1.0,
      "right": 1.0,
      "back": 0.5510981440959559,
      "top": 0.5488583621468399
    },
    "largest_component_ratios": {
      "front": 0.7225092250922509,
      "left": 1.0,
      "right": 1.0,
      "back": 0.7439824945295405,
      "top": 0.7409587888982339
    },
    "component_counts": {
      "front": 2,
      "left": 1,
      "right": 1,
      "back": 2,
      "top": 2
    },
    "border_margin_scores": {
      "front": 1.0,
      "left": 1.0,
      "right": 1.0,
      "back": 1.0,
      "top": 1.0
    },
    "weights": {
      "front_similarity": 0.35,
      "coverage": 0.15,
      "centering": 0.15,
      "view_consistency": 0.15,
      "connectivity": 0.1,
      "border_margin": 0.1
    },
    "overall_score": 0.5914486185275489
  },
  "render_paths": {
    "front": "E:\\Workspaces\\Python\\text-guided-image-to-3d\\training\\outputs\\trellis_compare\\filtered_subset_lora\\lora\\sample_0013\\render_front.png",
    "left": "E:\\Workspaces\\Python\\text-guided-image-to-3d\\training\\outputs\\trellis_compare\\filtered_subset_lora\\lora\\sample_0013\\render_left.png",
    "right": "E:\\Workspaces\\Python\\text-guided-image-to-3d\\training\\outputs\\trellis_compare\\filtered_subset_lora\\lora\\sample_0013\\render_right.png",
    "back": "E:\\Workspaces\\Python\\text-guided-image-to-3d\\training\\outputs\\trellis_compare\\filtered_subset_lora\\lora\\sample_0013\\render_back.png",
    "top": "E:\\Workspaces\\Python\\text-guided-image-to-3d\\training\\outputs\\trellis_compare\\filtered_subset_lora\\lora\\sample_0013\\render_top.png",
    "grid": "E:\\Workspaces\\Python\\text-guided-image-to-3d\\training\\outputs\\trellis_compare\\filtered_subset_lora\\lora\\sample_0013\\render_grid.png"
  }
}